id,category,reference_summary,qwen_prediction
imar_1,imar,"Davacı tarafından, belediye meclisince kabul edilen İmar ve Şehircilik Müdürlüğü ücret tarifelerinde yer alan çeşitli proje inceleme, tetkik, numarataj ve yıkım izin ücretlerinin iptali ile bu kapsamda ödenen bedellerin iadesi talep edilmiştir. Davacı, söz konusu ücretlerin herhangi bir hizmet karşılığı olmaksızın tahsil edildiğini, belediyenin gelir elde etmek amacıyla keyfi şekilde ücret belirlediğini ileri sürmüştür. Davalı belediyeler ise ilgili işlemlerin belediye personelinin emek ve mesai harcayarak yürüttüğü hizmetler kapsamında olduğunu ve mevzuatın verdiği yetkiye dayanılarak ücret tahsil edildiğini savunmuştur. Danıştay, ücret tarifelerine ilişkin düzenleyici işlem yönünden Bölge İdare Mahkemesi kararını hukuka uygun bularak onamıştır. Ancak ödenen bedellerin iadesine ilişkin uyuşmazlıkta, mahkemelerin değerlendirmelerini dava konusu edilen 2020 Mali Yılı Ücret Tarifesi üzerinden yaptığını, oysa tahsil edilen ücretlerin dayanağının 2019 Mali Yılı Ücret Tarifesi olduğunu tespit etmiştir. Mahkeme, uyuşmazlığın çözümünde ücretlerin gerçek dayanağını oluşturan tarifenin esas alınması gerektiğini belirtmiştir. Bu nedenle bedel iadesine ilişkin kısmın eksik ve hatalı hukuki değerlendirmeye dayandığı sonucuna ulaşılmıştır. Sonuç olarak, ücret tarifelerine ilişkin düzenleyici işlem yönünden verilen karar onanmış, ödenen bedellerin iadesine ilişkin kısım ise bozulmuş ve yeniden karar verilmek üzere dosya ilgili mahkemeye gönderilmiştir.","ję tetkik ütle, 1,550 TL hidrofor projeni tetkiküle, 2,400 TL zemin etükü raporu inceleme ülle, 1 TL yerinde tetkilü, 113 TL yapı metrajü, 20 TL numaratajlü kroküler tasdık ülle ve 9,820 TL yıkım izni üllü olmak üzere toplu 9. 320 TL bedeli iade isteili.

HUKUV DURUMU:
HUKUV HADISATLIYETİ:
Dava, İmra ve Şehrcilik Muhasebe Müdürlüğü'nün 2019 Mali Yılı Ulusal Üretim Fiyatlari Tarifi'nde belirtildiği gibi, 25 Ekim 2009 tarihinde印发された ""İmateve Maliyeti Fiyatları"" (IMF) tarifiyle, 21 Ocak 2030'da gelecekteki Mali Yılı Fiyat Fiyatı Tarifi'ne geçmek üzere"
ihale_1,ihale,"Davacı şirket tarafından, bir maden sahasına ilişkin IV-C grubu arama ruhsatı talebinin reddedilmesine dair işlemin iptali istenmiştir. Davacı, arama ruhsatı başvurusunun herhangi bir somut gerekçe gösterilmeksizin reddedildiğini ileri sürerken, davalı idareler işlemin Taşınmaz Komisyonunun yetkisi kapsamında tesis edildiğini savunmuştur. İlk derece mahkemesi, ruhsat talebinin reddine ilişkin işlemde ve idarenin savunmalarında ret kararını haklı kılacak maddi veya hukuki bir gerekçenin ortaya konulamadığını belirleyerek işlemi iptal etmiştir. Danıştay, maden arama faaliyetlerinin yalnızca kanunda öngörülen şartlara tabi tutulabileceğini, kanunda yer almayan ek kısıtlamaların alt düzenleyici işlemlerle getirilemeyeceğini vurgulamıştır. Mahkeme, maden ruhsatı taleplerinin değerlendirilmesinde idarenin takdir yetkisi bulunmakla birlikte bu yetkinin somut gerekçelere, kamu yararına ve hizmet gereklerine dayanılarak kullanılması gerektiğini belirtmiştir. Dava konusu olayda ise ret kararının dayandığı maddi ve hukuki sebeplerin ne işlemde ne de yargılama sürecinde açıklanamadığı tespit edilmiştir. Bu nedenle salt takdir yetkisine dayanılarak ve herhangi bir somut gerekçe ortaya konulmaksızın tesis edilen işlemin hukuka uygun olmadığı sonucuna ulaşılmıştır. Sonuç olarak, dava konusu işlemin iptaline ilişkin mahkeme kararı hukuka uygun bulunarak onanmış, ancak bu kararın davacıya doğrudan arama ruhsatı verilmesi sonucunu doğurmayacağı ve idarenin mevzuat çerçevesinde yeniden değerlendirme yapabileceği belirtilmiştir.","Bingöl ili, Erdemli ilçesinden Bulgaristan'ın Erzincane madeni sahasında bulunan erken maden saha üzerinde, Makedonya'nın Erzengul madeni sahadan alınan maden sahanın maden sahalarda bulunulan madenlerden birinin maden sahana alındığına göre maden sahamı hakkında genellikle maden sahabindan çıkarılan maden sızıntısı ile maden sahatanın maden siziye ait olup olmadığına bakıldığında maden sahayla maden sahtanın madena hakkı olduğunu göstermek üzere maden sahlere maden sahta ait olması gereklidir. Bu maden sahte maden sahih olduğundan dolayı maden sahtarın maden seviyesi boyunca maden sahti maden sahilinde bulundugu gibi görünmemekle birlikte bu maden sahiteki maden sahidan çıkarılanmaden sızıntıya karşı maden saheye maden sahibi olmak zorunlu değildir. Ancak maden"
imar_4,imar,"Davacı belediye tarafından, belirli taşınmazlara ilişkin olarak bir kişi adına düzenlenen özel ağaçlandırma tahsis ve hak sahipliği belgesinin iptali talep edilmiştir. Davacı, söz konusu alanların Ağaçlandırma Yönetmeliği uyarınca özel ağaçlandırmaya konu edilemeyecek nitelikte olduğunu, alanın orman ve mera bütünlüğü içinde bulunduğunu ileri sürmüştür. Davalı idare ise dava konusu sahaların amenajman planlarında ve mevcut durum itibarıyla verimli orman alanı olmadığını ve bu nedenle özel ağaçlandırmaya konu edilebileceğini savunmuştur. İlk derece mahkemesi, bilirkişi raporuna dayanarak işlemi hukuka aykırı bulmuş ve iptaline karar vermiş, bu karar istinaf incelemesinde de korunmuştur. Danıştay, bilirkişi raporunda dava konusu alanın bir kısmının özel ağaçlandırmaya izin verilebilecek nitelikte olduğuna, bir kısmının ise verimli orman özelliği taşıdığına ilişkin çelişkili tespitler bulunduğunu değerlendirmiştir. Ayrıca taşınmazların mera niteliğinde olup olmadığının, resmi kayıtlarda mera olarak yer alıp almadığının ve herhangi bir köy veya belediyeye mera olarak tahsis edilip edilmediğinin yeterince araştırılmadığını belirtmiştir. Mahkeme, taşınmazların hukuki niteliği ve kullanım durumuna ilişkin eksik inceleme ile karar verilmesinin hukuka uygun olmadığını kabul etmiştir. Sonuç olarak, Bölge İdare Mahkemesi kararı bozulmuş ve dosya eksik araştırmalar tamamlandıktan sonra yeniden karar verilmek üzere ilgili mahkemeye gönderilmiştir.","inde devam etme hakkındaki mahkeme yetkilini alır gibi görünen durumda olduğu için 11.11.2020 tarihinde dava açtığı ilk defa devamlık hakkı almama muhtelif bir duruma düşmektedir.
Devam etme hakkı almama da dahil, dava açığından önceki 11 yıl boyutlu döviz değerleri arasında değişkenlik gösterdiği, dava sürecinden geçen 11 ay boyutlu para değerleri arasındaki farkla karşılaştırıldığında, dava süreç boyutu içindeki para değerlerinin en yüksek olan 11 yaşından önceki dönemlerdeki para değerleri üzerinde artmış olması durumu, dava process boyutu boyutu içerisindeki para değerinin en düşük olan 10 yaşından önce ki dönemlerde para değerleri üzerinden azalmış olması durumuyla sonuçlanmaktadır.
Bu durumda, dava processo boyutu-boyutu boyuta farklı olarak, dava proceso boyutu-davayı geçirdiği zaman boyutu üzerinde değişkenlik göstereceği, aynı zamanda dava"
ruhsat_lisans_4,ruhsat_lisans,"Davacılar tarafından, Akkuyu Nükleer Güç Santrali projesinde soğutma suyu yeterliliği yönünden yeni bir çevresel etki değerlendirmesi yapılması ve bu değerlendirme tamamlanıncaya kadar proje kapsamında verilen izin, ruhsat ve lisansların askıya alınmasına yönelik idari başvurunun zımnen reddine ilişkin işlemin iptali talep edilmiştir. Davacılar, iklim değişikliği nedeniyle deniz suyu koşullarının değiştiğini ve bu durumun proje açısından yeniden değerlendirilmesi gerektiğini ileri sürmüştür. İdari yargı mercilerince yapılan inceleme sonucunda dava reddedilmiş ve Bölge İdare Mahkemesi kararı kesin nitelikte verilmiştir. Danıştay, 2577 sayılı İdari Yargılama Usulü Kanunu’nda hangi kararların temyize tabi olduğunun sınırlı olarak sayıldığını ve dava konusu uyuşmazlığın bu kapsamda yer almadığını değerlendirmiştir. Mahkeme, Bölge İdare Mahkemesince verilen kararın kanun gereği kesin nitelikte olduğunu ve bu tür kararlara karşı temyiz yoluna başvurulamayacağını belirtmiştir. Ayrıca kararın hüküm fıkrasında temyiz yolunun açık olduğunun belirtilmiş olmasının, kanunen kapalı olan temyiz yolunu açmayacağını vurgulamıştır. Bu nedenle davanın esasına girilmeksizin yalnızca kanun yolu yönünden inceleme yapılmıştır. Sonuç olarak, davacıların temyiz istemi incelenmeksizin reddedilmiştir.","Daha önce belirtildiği gibi, Akkoyu Nücleer Proje'inde soğum suyu kullanmakta olduğu gerçeğini ortadan kalktı. Bu durumu takip ettirdiği sürece, Akkoya Nücleo Projeleri ile ilgili bir sosyal media hesap sahipleri arasında tartışmalar oldu. Bu tartışmalardan dolayı, Akkoyo Nüclea Proje'yi devam etmek için bazı sosyal medya kuruluşları da dahil olmak üzere birçok kişiye karşı anlaşılması gerektiği ortaya çıkmıştır. Bu durum, Akkoo Proje'nin devam etme planına zarar verebilir. Bu yüzden, Akko Proje'nizin devam etmesi için sosyal medyasındaki anlaşmanın önemli olduğunu kabul etmiş olup, bu durum genellikle sosyal medyada yaşlanmıştır. Ayrıca, Akkö Proje'nizi devam etmede bulunulan kişilerin sayısı arttığı için, sosyal medyanın bu durumun daha fazla ele alınabilecek olması bekleniyor. Bu durumlard"
